<?xml version="1.0" encoding="UTF-8"?>

<!DOCTYPE mach-ii PUBLIC
	"-//Mach-II//DTD Mach-II Configuration 1.1.1//EN"
	"http://www.mach-ii.com/dtds/mach-ii_1_1_1.dtd">

<mach-ii version="1.0">

	<!-- PROPERTIES -->
	<properties>
		<property name="applicationRoot" value="/APPLICATION_ROOT"/>
		<property name="defaultEvent" value="DEFAULT_EVENT"/>
		<property name="eventParameter" value="event"/>
		<property name="parameterPrecedence" value="form"/>
		<property name="maxEvents" value="10"/>
		<property name="exceptionEvent" value="exception"/>
	</properties>

	<!-- LISTENERS -->
	<listeners>
		<!--
		<listener name="yourListenerName" type="fully.Qualified.Dot.Delimited.Path.To.CFC">
			<parameters>
				<parameter name="yourParameterName" value="yourParameterValue" />
			</parameters>
		</listener>
		-->
	</listeners>
	
	<!-- EVENT-FILTERS -->
	<event-filters>
		<!--
		<event-filter name="yourEventFilterName" type="fully.Qualified.Dot.Delimited.Path.To.CFC">
			<parameters>
				<parameter name="yourParameterName" value="yourParameterValue" />
			</parameters>
		</event-filter>
		-->
	</event-filters>

	<!-- EVENT-HANDLERS -->
	<event-handlers>
		<event-handler event="DEFAULT_EVENT" access="public">
			<view-page name="home"/>
		</event-handler>

		<event-handler event="exception" access="private">
			<view-page name="exception"/>
		</event-handler>
	</event-handlers>
	
	<!-- PAGE-VIEWS -->
	<page-views>
		<page-view name="home" page="/views/home.cfm"/>
		<page-view name="exception" page="/views/exception.cfm"/>
	</page-views>
	
	<!-- PLUGINS -->
	<plugins>
		<!--
		<plugin name="yourPluginName" type="fully.Qualified.Dot.Delimited.Path.To.CFC">
			<parameters>
				<parameter name="yourParameterName" value="yourParameterValue"/>
			</parameters>
		</plugin>
		-->
	</plugins>

</mach-ii>